{"accuracy": 0.8685064935064936, "precision": 0.8828554984798259, "recall": 0.8685064935064936, "f1_score": 0.8717420136075622}